[
  {
    "model": "users.customuser",
    "pk": 1,
    "fields": {
      "username": "user1",
      "password": "pbkdf2_sha256$260000$dummy$hash",
      "email": "matthew51@jones.com",
      "is_active": true,
      "avatar": "defaults/default_profile_icon.jpg"
    }
  },
  {
    "model": "users.customuser",
    "pk": 2,
    "fields": {
      "username": "user2",
      "password": "pbkdf2_sha256$260000$dummy$hash",
      "email": "david66@gmail.com",
      "is_active": true,
      "avatar": "defaults/default_profile_icon.jpg"
    }
  },
  {
    "model": "users.customuser",
    "pk": 3,
    "fields": {
      "username": "user3",
      "password": "pbkdf2_sha256$260000$dummy$hash",
      "email": "marvin27@mcclure.com",
      "is_active": true,
      "avatar": "defaults/default_profile_icon.jpg"
    }
  },
  {
    "model": "users.customuser",
    "pk": 4,
    "fields": {
      "username": "user4",
      "password": "pbkdf2_sha256$260000$dummy$hash",
      "email": "michaelking@nunez-parks.info",
      "is_active": true,
      "avatar": "defaults/default_profile_icon.jpg"
    }
  },
  {
    "model": "users.customuser",
    "pk": 5,
    "fields": {
      "username": "user5",
      "password": "pbkdf2_sha256$260000$dummy$hash",
      "email": "destinymercado@juarez.com",
      "is_active": true,
      "avatar": "defaults/default_profile_icon.jpg"
    }
  },
  {
    "model": "users.customuser",
    "pk": 6,
    "fields": {
      "username": "user6",
      "password": "pbkdf2_sha256$260000$dummy$hash",
      "email": "pamelataylor@hotmail.com",
      "is_active": true,
      "avatar": "defaults/default_profile_icon.jpg"
    }
  },
  {
    "model": "users.customuser",
    "pk": 7,
    "fields": {
      "username": "user7",
      "password": "pbkdf2_sha256$260000$dummy$hash",
      "email": "msaunders@little.com",
      "is_active": true,
      "avatar": "defaults/default_profile_icon.jpg"
    }
  },
  {
    "model": "users.customuser",
    "pk": 8,
    "fields": {
      "username": "user8",
      "password": "pbkdf2_sha256$260000$dummy$hash",
      "email": "steven17@hotmail.com",
      "is_active": true,
      "avatar": "defaults/default_profile_icon.jpg"
    }
  },
  {
    "model": "users.customuser",
    "pk": 9,
    "fields": {
      "username": "user9",
      "password": "pbkdf2_sha256$260000$dummy$hash",
      "email": "kevin57@hotmail.com",
      "is_active": true,
      "avatar": "defaults/default_profile_icon.jpg"
    }
  },
  {
    "model": "users.customuser",
    "pk": 10,
    "fields": {
      "username": "user10",
      "password": "pbkdf2_sha256$260000$dummy$hash",
      "email": "deborah99@sanders.net",
      "is_active": true,
      "avatar": "defaults/default_profile_icon.jpg"
    }
  },
  {
    "model": "users.customuser",
    "pk": 11,
    "fields": {
      "username": "user11",
      "password": "pbkdf2_sha256$260000$dummy$hash",
      "email": "donnagallegos@yahoo.com",
      "is_active": true,
      "avatar": "defaults/default_profile_icon.jpg"
    }
  },
  {
    "model": "users.customuser",
    "pk": 12,
    "fields": {
      "username": "user12",
      "password": "pbkdf2_sha256$260000$dummy$hash",
      "email": "louis67@horn.info",
      "is_active": true,
      "avatar": "defaults/default_profile_icon.jpg"
    }
  },
  {
    "model": "users.customuser",
    "pk": 13,
    "fields": {
      "username": "user13",
      "password": "pbkdf2_sha256$260000$dummy$hash",
      "email": "tvelazquez@hotmail.com",
      "is_active": true,
      "avatar": "defaults/default_profile_icon.jpg"
    }
  },
  {
    "model": "users.customuser",
    "pk": 14,
    "fields": {
      "username": "user14",
      "password": "pbkdf2_sha256$260000$dummy$hash",
      "email": "sandrajones@gmail.com",
      "is_active": true,
      "avatar": "defaults/default_profile_icon.jpg"
    }
  },
  {
    "model": "users.customuser",
    "pk": 15,
    "fields": {
      "username": "user15",
      "password": "pbkdf2_sha256$260000$dummy$hash",
      "email": "brooksronnie@brown.biz",
      "is_active": true,
      "avatar": "defaults/default_profile_icon.jpg"
    }
  },
  {
    "model": "users.customuser",
    "pk": 16,
    "fields": {
      "username": "user16",
      "password": "pbkdf2_sha256$260000$dummy$hash",
      "email": "jennifer29@gmail.com",
      "is_active": true,
      "avatar": "defaults/default_profile_icon.jpg"
    }
  },
  {
    "model": "users.customuser",
    "pk": 17,
    "fields": {
      "username": "user17",
      "password": "pbkdf2_sha256$260000$dummy$hash",
      "email": "caseleonard@hunter-marshall.com",
      "is_active": true,
      "avatar": "defaults/default_profile_icon.jpg"
    }
  },
  {
    "model": "users.customuser",
    "pk": 18,
    "fields": {
      "username": "user18",
      "password": "pbkdf2_sha256$260000$dummy$hash",
      "email": "katherine91@logan.com",
      "is_active": true,
      "avatar": "defaults/default_profile_icon.jpg"
    }
  },
  {
    "model": "users.customuser",
    "pk": 19,
    "fields": {
      "username": "user19",
      "password": "pbkdf2_sha256$260000$dummy$hash",
      "email": "robertparks@paul.com",
      "is_active": true,
      "avatar": "defaults/default_profile_icon.jpg"
    }
  },
  {
    "model": "users.customuser",
    "pk": 20,
    "fields": {
      "username": "user20",
      "password": "pbkdf2_sha256$260000$dummy$hash",
      "email": "lisamullins@hotmail.com",
      "is_active": true,
      "avatar": "defaults/default_profile_icon.jpg"
    }
  },
  {
    "model": "places.place",
    "pk": 1,
    "fields": {
      "name": "Green Ltd",
      "category": "Turismo",
      "description": "Trade chance wear service tell teach dark throw. Country size pretty interesting blood statement.",
      "latitude": 7.31581,
      "longitude": 74.70364,
      "rating": 3.88,
      "created_at": "2025-07-11T18:36:45.747283",
      "user": 20,
      "image": "defaults/default_place_cover.jpg"
    }
  },
  {
    "model": "places.place",
    "pk": 2,
    "fields": {
      "name": "Rush and Sons",
      "category": "Bomberos",
      "description": "Edge rest kind after he risk break type. Make discover unit house candidate forget serve. Pass measure yes term not enjoy bag sister. While up know practice.",
      "latitude": 30.7885155,
      "longitude": -87.061682,
      "rating": 4.21,
      "created_at": "2025-07-11T18:36:45.747527",
      "user": 19,
      "image": "defaults/default_place_cover.jpg"
    }
  },
  {
    "model": "places.place",
    "pk": 3,
    "fields": {
      "name": "Butler Group",
      "category": "Cultura",
      "description": "Line program old respond. Increase hair within south affect.",
      "latitude": 44.090315,
      "longitude": 156.76091,
      "rating": 3.47,
      "created_at": "2025-07-11T18:36:45.747738",
      "user": 13,
      "image": "defaults/default_place_cover.jpg"
    }
  },
  {
    "model": "places.place",
    "pk": 4,
    "fields": {
      "name": "Cardenas Group",
      "category": "Salud",
      "description": "Thousand investment foreign. Bill recently first institution no wish watch. Yard candidate around major boy.",
      "latitude": 41.0267145,
      "longitude": 141.652343,
      "rating": 3.61,
      "created_at": "2025-07-11T18:36:45.747920",
      "user": 4,
      "image": "defaults/default_place_cover.jpg"
    }
  },
  {
    "model": "places.place",
    "pk": 5,
    "fields": {
      "name": "Hatfield-Moody",
      "category": "Bomberos",
      "description": "Thus some development remain. Yes until executive family behavior before site our. Eye impact present leave.",
      "latitude": -64.4763775,
      "longitude": -99.730182,
      "rating": 3.01,
      "created_at": "2025-07-11T18:36:45.748171",
      "user": 5,
      "image": "defaults/default_place_cover.jpg"
    }
  },
  {
    "model": "places.place",
    "pk": 6,
    "fields": {
      "name": "Holmes PLC",
      "category": "Polic\u00eda",
      "description": "Analysis today us follow could campaign. Pay to half sell much. Employee really need.",
      "latitude": 67.6297355,
      "longitude": 26.104944,
      "rating": 3.32,
      "created_at": "2025-07-11T18:36:45.748349",
      "user": 8,
      "image": "defaults/default_place_cover.jpg"
    }
  },
  {
    "model": "places.place",
    "pk": 7,
    "fields": {
      "name": "Murray, Evans and Guerra",
      "category": "Salud",
      "description": "Full stay film green far less sense it. Leave election say simply best. Child moment next adult which position who according.",
      "latitude": -63.8620385,
      "longitude": -177.540934,
      "rating": 3.68,
      "created_at": "2025-07-11T18:36:45.748792",
      "user": 7,
      "image": "defaults/default_place_cover.jpg"
    }
  },
  {
    "model": "places.place",
    "pk": 8,
    "fields": {
      "name": "Black, Wilson and Moore",
      "category": "Cultura",
      "description": "Member rather party reveal idea pretty camera. Save him population close teacher church.",
      "latitude": -24.9084335,
      "longitude": 111.213125,
      "rating": 3.01,
      "created_at": "2025-07-11T18:36:45.749435",
      "user": 5,
      "image": "defaults/default_place_cover.jpg"
    }
  },
  {
    "model": "places.place",
    "pk": 9,
    "fields": {
      "name": "Wise, Fisher and Faulkner",
      "category": "Restaurante",
      "description": "Use free forward. Share situation about place economy would government.",
      "latitude": 19.1198095,
      "longitude": -21.432734,
      "rating": 4.44,
      "created_at": "2025-07-11T18:36:45.749878",
      "user": 1,
      "image": "defaults/default_place_cover.jpg"
    }
  },
  {
    "model": "places.place",
    "pk": 10,
    "fields": {
      "name": "Collins PLC",
      "category": "Salud",
      "description": "Rise ready a speak rather figure. Structure weight value should can health.",
      "latitude": -34.0115885,
      "longitude": -53.481769,
      "rating": 3.16,
      "created_at": "2025-07-11T18:36:45.750037",
      "user": 9,
      "image": "defaults/default_place_cover.jpg"
    }
  },
  {
    "model": "places.place",
    "pk": 11,
    "fields": {
      "name": "Liu, Ibarra and Joyce",
      "category": "Turismo",
      "description": "Fight notice international follow south. Trial along education significant himself my. Nearly American talk today international hold growth.",
      "latitude": 45.212719,
      "longitude": -102.809845,
      "rating": 4.32,
      "created_at": "2025-07-11T18:36:45.750420",
      "user": 16,
      "image": "defaults/default_place_cover.jpg"
    }
  },
  {
    "model": "places.place",
    "pk": 12,
    "fields": {
      "name": "Haynes-Haney",
      "category": "Salud",
      "description": "Score top despite. Air choose especially wall red. What per media mention note stage.",
      "latitude": 35.8742225,
      "longitude": 87.79112,
      "rating": 4.85,
      "created_at": "2025-07-11T18:36:45.750686",
      "user": 15,
      "image": "defaults/default_place_cover.jpg"
    }
  },
  {
    "model": "places.place",
    "pk": 13,
    "fields": {
      "name": "Stone Group",
      "category": "Polic\u00eda",
      "description": "Ability letter you much southern social member. Read perform begin message issue task natural. Themselves care religious design decision will. Deep interview able nothing.",
      "latitude": 76.049135,
      "longitude": 176.174222,
      "rating": 4.91,
      "created_at": "2025-07-11T18:36:45.750853",
      "user": 9,
      "image": "defaults/default_place_cover.jpg"
    }
  },
  {
    "model": "places.place",
    "pk": 14,
    "fields": {
      "name": "Dean-Weber",
      "category": "Cultura",
      "description": "Turn beat must. Indicate door thus sense name dream.",
      "latitude": 1.818777,
      "longitude": 100.65536,
      "rating": 4.45,
      "created_at": "2025-07-11T18:36:45.751158",
      "user": 18,
      "image": "defaults/default_place_cover.jpg"
    }
  },
  {
    "model": "places.place",
    "pk": 15,
    "fields": {
      "name": "Davis-Roberts",
      "category": "Bomberos",
      "description": "Ten again medical. Rise across official city right executive. Approach certain specific recent for hard spend age.",
      "latitude": -89.0096435,
      "longitude": 121.976459,
      "rating": 3.55,
      "created_at": "2025-07-11T18:36:45.751418",
      "user": 12,
      "image": "defaults/default_place_cover.jpg"
    }
  },
  {
    "model": "places.place",
    "pk": 16,
    "fields": {
      "name": "Cameron, Johnson and Griffith",
      "category": "Polic\u00eda",
      "description": "Level green nearly. Charge section same into. Treatment interest note PM child nation.",
      "latitude": 17.2323015,
      "longitude": -58.541902,
      "rating": 3.48,
      "created_at": "2025-07-11T18:36:45.751790",
      "user": 5,
      "image": "defaults/default_place_cover.jpg"
    }
  },
  {
    "model": "places.place",
    "pk": 17,
    "fields": {
      "name": "Ross Ltd",
      "category": "Bomberos",
      "description": "Again outside half as. Bad reduce behind save. Society need significant month property true.",
      "latitude": 25.360255,
      "longitude": 67.739297,
      "rating": 3.19,
      "created_at": "2025-07-11T18:36:45.751941",
      "user": 15,
      "image": "defaults/default_place_cover.jpg"
    }
  },
  {
    "model": "places.place",
    "pk": 18,
    "fields": {
      "name": "Ortiz Group",
      "category": "Salud",
      "description": "Front turn form less result try life.",
      "latitude": 32.952542,
      "longitude": -90.298342,
      "rating": 4.68,
      "created_at": "2025-07-11T18:36:45.752092",
      "user": 13,
      "image": "defaults/default_place_cover.jpg"
    }
  },
  {
    "model": "places.place",
    "pk": 19,
    "fields": {
      "name": "Burton, Schmidt and Fernandez",
      "category": "Salud",
      "description": "Everybody speak similar president. Source soldier glass style never.",
      "latitude": -11.525473,
      "longitude": 80.51898,
      "rating": 3.0,
      "created_at": "2025-07-11T18:36:45.752448",
      "user": 5,
      "image": "defaults/default_place_cover.jpg"
    }
  },
  {
    "model": "places.place",
    "pk": 20,
    "fields": {
      "name": "Jones-Gonzalez",
      "category": "Cultura",
      "description": "Out throughout soldier keep any. Cost far week rise interview research type wish.",
      "latitude": 81.225071,
      "longitude": -93.33398,
      "rating": 3.85,
      "created_at": "2025-07-11T18:36:45.752702",
      "user": 1,
      "image": "defaults/default_place_cover.jpg"
    }
  },
  {
    "model": "places.place",
    "pk": 21,
    "fields": {
      "name": "Adams, Medina and Flores",
      "category": "Restaurante",
      "description": "Person my collection hotel. Trip second ever remember huge church. Particular view program with.",
      "latitude": 19.663134,
      "longitude": -40.490792,
      "rating": 3.38,
      "created_at": "2025-07-11T18:36:45.753161",
      "user": 13,
      "image": "defaults/default_place_cover.jpg"
    }
  },
  {
    "model": "places.place",
    "pk": 22,
    "fields": {
      "name": "Zamora, Hahn and Vega",
      "category": "Restaurante",
      "description": "Or sometimes create smile owner. Visit real me production thus. Possible special administration hand improve way. Upon piece support Mrs rise operation pull point.",
      "latitude": 40.479056,
      "longitude": 91.446694,
      "rating": 3.08,
      "created_at": "2025-07-11T18:36:45.753538",
      "user": 8,
      "image": "defaults/default_place_cover.jpg"
    }
  },
  {
    "model": "places.place",
    "pk": 23,
    "fields": {
      "name": "Schmidt, Velez and Santiago",
      "category": "Cultura",
      "description": "Look account subject if center hot. Dream fire drive put.",
      "latitude": 2.865181,
      "longitude": 85.102859,
      "rating": 3.39,
      "created_at": "2025-07-11T18:36:45.753912",
      "user": 1,
      "image": "defaults/default_place_cover.jpg"
    }
  },
  {
    "model": "places.place",
    "pk": 24,
    "fields": {
      "name": "Ramirez-Camacho",
      "category": "Polic\u00eda",
      "description": "Three already agent according star. Expect can yet large tell measure close result. Popular decide western throw available trip.",
      "latitude": 60.056815,
      "longitude": 139.075838,
      "rating": 3.98,
      "created_at": "2025-07-11T18:36:45.754183",
      "user": 5,
      "image": "defaults/default_place_cover.jpg"
    }
  },
  {
    "model": "places.place",
    "pk": 25,
    "fields": {
      "name": "Marshall, Cardenas and Flowers",
      "category": "Polic\u00eda",
      "description": "Group goal meeting join couple. Listen upon analysis participant. Note well why bit happen though.",
      "latitude": -37.07043,
      "longitude": 33.639874,
      "rating": 4.28,
      "created_at": "2025-07-11T18:36:45.754550",
      "user": 16,
      "image": "defaults/default_place_cover.jpg"
    }
  },
  {
    "model": "places.place",
    "pk": 26,
    "fields": {
      "name": "King-Blevins",
      "category": "Salud",
      "description": "Cut onto human change before different argue. Clear friend finally do method.",
      "latitude": 70.1584925,
      "longitude": 131.201695,
      "rating": 3.42,
      "created_at": "2025-07-11T18:36:45.754796",
      "user": 4,
      "image": "defaults/default_place_cover.jpg"
    }
  },
  {
    "model": "places.place",
    "pk": 27,
    "fields": {
      "name": "Giles-Luna",
      "category": "Salud",
      "description": "Ok hit product it and including even contain. Key finish also policy a.",
      "latitude": -53.504239,
      "longitude": -110.884635,
      "rating": 3.74,
      "created_at": "2025-07-11T18:36:45.755077",
      "user": 15,
      "image": "defaults/default_place_cover.jpg"
    }
  },
  {
    "model": "places.place",
    "pk": 28,
    "fields": {
      "name": "Ellison, Williams and Dunn",
      "category": "Polic\u00eda",
      "description": "Clearly Congress little first particular citizen. Organization various among put serve be.",
      "latitude": 64.0263055,
      "longitude": -89.491695,
      "rating": 4.74,
      "created_at": "2025-07-11T18:36:45.755429",
      "user": 12,
      "image": "defaults/default_place_cover.jpg"
    }
  },
  {
    "model": "places.place",
    "pk": 29,
    "fields": {
      "name": "Harris-Wells",
      "category": "Polic\u00eda",
      "description": "Response fall material music bar everyone tough any. Laugh herself certainly instead people partner. Common process scientist pretty population.",
      "latitude": 33.1220925,
      "longitude": 126.21653,
      "rating": 4.56,
      "created_at": "2025-07-11T18:36:45.755692",
      "user": 7,
      "image": "defaults/default_place_cover.jpg"
    }
  },
  {
    "model": "places.place",
    "pk": 30,
    "fields": {
      "name": "Middleton-Hays",
      "category": "Salud",
      "description": "Parent protect fund heavy finally ten. West nature everybody vote program.",
      "latitude": 62.8610285,
      "longitude": 158.533746,
      "rating": 4.47,
      "created_at": "2025-07-11T18:36:45.755971",
      "user": 7,
      "image": "defaults/default_place_cover.jpg"
    }
  },
  {
    "model": "places.place",
    "pk": 31,
    "fields": {
      "name": "Shields, Daniel and Green",
      "category": "Polic\u00eda",
      "description": "Line push herself yard. Office start ask. Lead organization sport explain sea interest board.",
      "latitude": 44.015817,
      "longitude": -177.619481,
      "rating": 4.83,
      "created_at": "2025-07-11T18:36:45.756374",
      "user": 5,
      "image": "defaults/default_place_cover.jpg"
    }
  },
  {
    "model": "places.place",
    "pk": 32,
    "fields": {
      "name": "Vasquez, Higgins and Gutierrez",
      "category": "Salud",
      "description": "Read mind anything stuff energy.",
      "latitude": 41.7372375,
      "longitude": -24.418487,
      "rating": 3.92,
      "created_at": "2025-07-11T18:36:45.756724",
      "user": 12,
      "image": "defaults/default_place_cover.jpg"
    }
  },
  {
    "model": "places.place",
    "pk": 33,
    "fields": {
      "name": "Foster, Watts and Thompson",
      "category": "Turismo",
      "description": "Question wait idea try act. Ball me reveal yourself.",
      "latitude": -15.0498495,
      "longitude": -105.607,
      "rating": 3.84,
      "created_at": "2025-07-11T18:36:45.757193",
      "user": 17,
      "image": "defaults/default_place_cover.jpg"
    }
  },
  {
    "model": "places.place",
    "pk": 34,
    "fields": {
      "name": "Davis Inc",
      "category": "Cultura",
      "description": "Again modern strong guess safe exist agency. Debate growth single easy.",
      "latitude": 27.0535955,
      "longitude": 43.313694,
      "rating": 3.04,
      "created_at": "2025-07-11T18:36:45.757360",
      "user": 19,
      "image": "defaults/default_place_cover.jpg"
    }
  },
  {
    "model": "places.place",
    "pk": 35,
    "fields": {
      "name": "Weaver-Smith",
      "category": "Polic\u00eda",
      "description": "Reality man management plan scientist effort light. Story vote everyone parent.",
      "latitude": -42.946695,
      "longitude": 12.827449,
      "rating": 3.11,
      "created_at": "2025-07-11T18:36:45.757622",
      "user": 18,
      "image": "defaults/default_place_cover.jpg"
    }
  },
  {
    "model": "places.place",
    "pk": 36,
    "fields": {
      "name": "Leon Group",
      "category": "Turismo",
      "description": "Wrong power shake read back. Likely Republican new history that over establish.",
      "latitude": 26.2051615,
      "longitude": -1.556086,
      "rating": 3.7,
      "created_at": "2025-07-11T18:36:45.757781",
      "user": 12,
      "image": "defaults/default_place_cover.jpg"
    }
  },
  {
    "model": "places.place",
    "pk": 37,
    "fields": {
      "name": "Hayes and Sons",
      "category": "Restaurante",
      "description": "Have my a difference. Leave guess north from example tell. Party good difficult southern clearly.",
      "latitude": 6.808968,
      "longitude": 105.705541,
      "rating": 3.29,
      "created_at": "2025-07-11T18:36:45.757927",
      "user": 5,
      "image": "defaults/default_place_cover.jpg"
    }
  },
  {
    "model": "places.place",
    "pk": 38,
    "fields": {
      "name": "Mcguire-Jennings",
      "category": "Restaurante",
      "description": "Trouble risk choose small determine. His turn throw bill beyond.",
      "latitude": 12.8674355,
      "longitude": -121.642136,
      "rating": 3.83,
      "created_at": "2025-07-11T18:36:45.758205",
      "user": 13,
      "image": "defaults/default_place_cover.jpg"
    }
  },
  {
    "model": "places.place",
    "pk": 39,
    "fields": {
      "name": "King, Cordova and Colon",
      "category": "Bomberos",
      "description": "Staff officer some off door month family particular. Society mission goal member once school.",
      "latitude": 39.8765285,
      "longitude": 162.884984,
      "rating": 4.6,
      "created_at": "2025-07-11T18:36:45.758564",
      "user": 20,
      "image": "defaults/default_place_cover.jpg"
    }
  },
  {
    "model": "places.place",
    "pk": 40,
    "fields": {
      "name": "Hall, Roberts and Craig",
      "category": "Polic\u00eda",
      "description": "Author course that prepare require final score want. Single wear network yet national level.",
      "latitude": 43.998037,
      "longitude": -37.666209,
      "rating": 3.14,
      "created_at": "2025-07-11T18:36:45.758931",
      "user": 16,
      "image": "defaults/default_place_cover.jpg"
    }
  },
  {
    "model": "places.place",
    "pk": 41,
    "fields": {
      "name": "Weaver-Smith",
      "category": "Restaurante",
      "description": "Guy tough arm arrive still be front. Away road design key. Baby watch house play soon meet as. Money entire inside travel design different.",
      "latitude": -68.6922015,
      "longitude": 175.844224,
      "rating": 3.41,
      "created_at": "2025-07-11T18:36:45.759204",
      "user": 11,
      "image": "defaults/default_place_cover.jpg"
    }
  },
  {
    "model": "places.place",
    "pk": 42,
    "fields": {
      "name": "Gonzales and Sons",
      "category": "Salud",
      "description": "Interesting myself break effort today. Left tough present theory consumer assume.",
      "latitude": 73.057583,
      "longitude": -165.320681,
      "rating": 4.84,
      "created_at": "2025-07-11T18:36:45.759365",
      "user": 6,
      "image": "defaults/default_place_cover.jpg"
    }
  },
  {
    "model": "places.place",
    "pk": 43,
    "fields": {
      "name": "Matthews PLC",
      "category": "Bomberos",
      "description": "Hair forward data wonder middle chair hear. Issue same however. Father lawyer rock front.",
      "latitude": 78.395368,
      "longitude": -137.628106,
      "rating": 3.42,
      "created_at": "2025-07-11T18:36:45.759551",
      "user": 14,
      "image": "defaults/default_place_cover.jpg"
    }
  },
  {
    "model": "places.place",
    "pk": 44,
    "fields": {
      "name": "Olson-Hernandez",
      "category": "Polic\u00eda",
      "description": "Indicate authority face hit life whom production future. Here other heavy sometimes unit. Safe town the seem majority charge. Standard space large direction nice hand wish pretty.",
      "latitude": 32.6036385,
      "longitude": -26.55036,
      "rating": 4.14,
      "created_at": "2025-07-11T18:36:45.759825",
      "user": 10,
      "image": "defaults/default_place_cover.jpg"
    }
  },
  {
    "model": "places.place",
    "pk": 45,
    "fields": {
      "name": "Anderson Group",
      "category": "Cultura",
      "description": "Notice wait run own. Order new forget six various effort identify. Agreement eye challenge anything focus possible to. Since voice affect indicate news.",
      "latitude": -1.526419,
      "longitude": 98.432841,
      "rating": 4.26,
      "created_at": "2025-07-11T18:36:45.759980",
      "user": 19,
      "image": "defaults/default_place_cover.jpg"
    }
  },
  {
    "model": "places.place",
    "pk": 46,
    "fields": {
      "name": "Moran PLC",
      "category": "Turismo",
      "description": "Development dark adult true economic. Personal represent hair anyone statement.",
      "latitude": 48.4754755,
      "longitude": 119.25459,
      "rating": 4.33,
      "created_at": "2025-07-11T18:36:45.760123",
      "user": 1,
      "image": "defaults/default_place_cover.jpg"
    }
  },
  {
    "model": "places.place",
    "pk": 47,
    "fields": {
      "name": "Reed, Duke and Harvey",
      "category": "Restaurante",
      "description": "Environmental behavior send three fear what speech. Mind write go. In truth event phone factor consider.",
      "latitude": -48.958923,
      "longitude": 68.200181,
      "rating": 4.17,
      "created_at": "2025-07-11T18:36:45.760533",
      "user": 14,
      "image": "defaults/default_place_cover.jpg"
    }
  },
  {
    "model": "places.place",
    "pk": 48,
    "fields": {
      "name": "Williams Inc",
      "category": "Polic\u00eda",
      "description": "Cell already property strong language. Activity modern provide discuss chair artist week.",
      "latitude": -15.898569,
      "longitude": 84.821347,
      "rating": 4.81,
      "created_at": "2025-07-11T18:36:45.760682",
      "user": 4,
      "image": "defaults/default_place_cover.jpg"
    }
  },
  {
    "model": "places.place",
    "pk": 49,
    "fields": {
      "name": "Wallace Ltd",
      "category": "Salud",
      "description": "Situation two six player star challenge develop. Billion form perform type determine inside apply.",
      "latitude": -7.153827,
      "longitude": -78.490623,
      "rating": 4.68,
      "created_at": "2025-07-11T18:36:45.760843",
      "user": 3,
      "image": "defaults/default_place_cover.jpg"
    }
  },
  {
    "model": "places.place",
    "pk": 50,
    "fields": {
      "name": "Berg LLC",
      "category": "Salud",
      "description": "Suddenly material without debate key. Remember game surface cut card. Brother cup anything we common themselves sing myself.",
      "latitude": -1.3595765,
      "longitude": 130.43277,
      "rating": 4.9,
      "created_at": "2025-07-11T18:36:45.761046",
      "user": 2,
      "image": "defaults/default_place_cover.jpg"
    }
  },
  {
    "model": "reviews.review",
    "pk": 1,
    "fields": {
      "user": 16,
      "place": 5,
      "rating": 5,
      "text": "Meet wear else scene our business phone.",
      "created_at": "2025-07-11T18:37:27.721514"
    }
  },
  {
    "model": "reviews.review",
    "pk": 2,
    "fields": {
      "user": 5,
      "place": 44,
      "rating": 4,
      "text": "However window occur decision for already single.",
      "created_at": "2025-07-11T18:37:27.721539"
    }
  },
  {
    "model": "reviews.review",
    "pk": 3,
    "fields": {
      "user": 1,
      "place": 40,
      "rating": 1,
      "text": "Ability act big understand.",
      "created_at": "2025-07-11T18:37:27.721552"
    }
  },
  {
    "model": "reviews.review",
    "pk": 4,
    "fields": {
      "user": 9,
      "place": 7,
      "rating": 1,
      "text": "Last painting bad life.",
      "created_at": "2025-07-11T18:37:27.721565"
    }
  },
  {
    "model": "reviews.review",
    "pk": 5,
    "fields": {
      "user": 13,
      "place": 27,
      "rating": 2,
      "text": "Place matter rise occur power six.",
      "created_at": "2025-07-11T18:37:27.721578"
    }
  },
  {
    "model": "reviews.review",
    "pk": 6,
    "fields": {
      "user": 2,
      "place": 26,
      "rating": 5,
      "text": "Focus speak feel baby finally technology yet.",
      "created_at": "2025-07-11T18:37:27.721597"
    }
  },
  {
    "model": "reviews.review",
    "pk": 7,
    "fields": {
      "user": 3,
      "place": 15,
      "rating": 5,
      "text": "Believe church new simple wish off.",
      "created_at": "2025-07-11T18:37:27.721621"
    }
  },
  {
    "model": "reviews.review",
    "pk": 8,
    "fields": {
      "user": 13,
      "place": 8,
      "rating": 2,
      "text": "Short none note too matter church white page.",
      "created_at": "2025-07-11T18:37:27.721646"
    }
  },
  {
    "model": "reviews.review",
    "pk": 9,
    "fields": {
      "user": 18,
      "place": 25,
      "rating": 2,
      "text": "Give ten factor.",
      "created_at": "2025-07-11T18:37:27.721660"
    }
  },
  {
    "model": "reviews.review",
    "pk": 10,
    "fields": {
      "user": 20,
      "place": 4,
      "rating": 2,
      "text": "Tend live team instead beyond expect guy.",
      "created_at": "2025-07-11T18:37:27.721674"
    }
  },
  {
    "model": "reviews.review",
    "pk": 11,
    "fields": {
      "user": 9,
      "place": 30,
      "rating": 4,
      "text": "Hundred cause participant them style now.",
      "created_at": "2025-07-11T18:37:27.721686"
    }
  },
  {
    "model": "reviews.review",
    "pk": 12,
    "fields": {
      "user": 12,
      "place": 46,
      "rating": 4,
      "text": "Night seat protect hard already.",
      "created_at": "2025-07-11T18:37:27.721704"
    }
  },
  {
    "model": "reviews.review",
    "pk": 13,
    "fields": {
      "user": 9,
      "place": 49,
      "rating": 2,
      "text": "Reflect more work memory fish street himself.",
      "created_at": "2025-07-11T18:37:27.721723"
    }
  },
  {
    "model": "reviews.review",
    "pk": 14,
    "fields": {
      "user": 3,
      "place": 35,
      "rating": 1,
      "text": "Our trade avoid old.",
      "created_at": "2025-07-11T18:37:27.721735"
    }
  },
  {
    "model": "reviews.review",
    "pk": 15,
    "fields": {
      "user": 15,
      "place": 36,
      "rating": 3,
      "text": "Trouble want ahead election green business.",
      "created_at": "2025-07-11T18:37:27.721755"
    }
  },
  {
    "model": "reviews.review",
    "pk": 16,
    "fields": {
      "user": 14,
      "place": 48,
      "rating": 3,
      "text": "Your fine field once nothing person than.",
      "created_at": "2025-07-11T18:37:27.721777"
    }
  },
  {
    "model": "reviews.review",
    "pk": 17,
    "fields": {
      "user": 2,
      "place": 46,
      "rating": 1,
      "text": "Generation international reveal later get.",
      "created_at": "2025-07-11T18:37:27.721793"
    }
  },
  {
    "model": "reviews.review",
    "pk": 18,
    "fields": {
      "user": 1,
      "place": 33,
      "rating": 2,
      "text": "Degree will Mr live left.",
      "created_at": "2025-07-11T18:37:27.721807"
    }
  },
  {
    "model": "reviews.review",
    "pk": 19,
    "fields": {
      "user": 15,
      "place": 41,
      "rating": 2,
      "text": "Myself property offer major turn.",
      "created_at": "2025-07-11T18:37:27.721819"
    }
  },
  {
    "model": "reviews.review",
    "pk": 20,
    "fields": {
      "user": 2,
      "place": 1,
      "rating": 1,
      "text": "Sing north best everything beautiful star.",
      "created_at": "2025-07-11T18:37:27.721831"
    }
  },
  {
    "model": "reviews.review",
    "pk": 21,
    "fields": {
      "user": 16,
      "place": 22,
      "rating": 5,
      "text": "As against word top.",
      "created_at": "2025-07-11T18:37:27.721844"
    }
  },
  {
    "model": "reviews.review",
    "pk": 22,
    "fields": {
      "user": 15,
      "place": 23,
      "rating": 5,
      "text": "Check ability as around feeling.",
      "created_at": "2025-07-11T18:37:27.721855"
    }
  },
  {
    "model": "reviews.review",
    "pk": 23,
    "fields": {
      "user": 12,
      "place": 45,
      "rating": 4,
      "text": "Perhaps another hundred majority before perhaps people.",
      "created_at": "2025-07-11T18:37:27.721867"
    }
  },
  {
    "model": "reviews.review",
    "pk": 24,
    "fields": {
      "user": 14,
      "place": 50,
      "rating": 3,
      "text": "Station pretty agency rule majority note change.",
      "created_at": "2025-07-11T18:37:27.721879"
    }
  },
  {
    "model": "reviews.review",
    "pk": 25,
    "fields": {
      "user": 19,
      "place": 10,
      "rating": 1,
      "text": "Region camera thus civil miss yes.",
      "created_at": "2025-07-11T18:37:27.721892"
    }
  },
  {
    "model": "reviews.review",
    "pk": 26,
    "fields": {
      "user": 4,
      "place": 8,
      "rating": 5,
      "text": "Quickly wide whose season again.",
      "created_at": "2025-07-11T18:37:27.721904"
    }
  },
  {
    "model": "reviews.review",
    "pk": 27,
    "fields": {
      "user": 1,
      "place": 33,
      "rating": 5,
      "text": "Single safe air well lay provide less.",
      "created_at": "2025-07-11T18:37:27.721915"
    }
  },
  {
    "model": "reviews.review",
    "pk": 28,
    "fields": {
      "user": 4,
      "place": 43,
      "rating": 3,
      "text": "Into item thank bring song according hold.",
      "created_at": "2025-07-11T18:37:27.721941"
    }
  },
  {
    "model": "reviews.review",
    "pk": 29,
    "fields": {
      "user": 20,
      "place": 35,
      "rating": 3,
      "text": "Sell fall under.",
      "created_at": "2025-07-11T18:37:27.721953"
    }
  },
  {
    "model": "reviews.review",
    "pk": 30,
    "fields": {
      "user": 2,
      "place": 9,
      "rating": 4,
      "text": "Owner inside baby sense.",
      "created_at": "2025-07-11T18:37:27.721964"
    }
  },
  {
    "model": "reviews.review",
    "pk": 31,
    "fields": {
      "user": 18,
      "place": 34,
      "rating": 4,
      "text": "Loss act seem student red every.",
      "created_at": "2025-07-11T18:37:27.721975"
    }
  },
  {
    "model": "reviews.review",
    "pk": 32,
    "fields": {
      "user": 17,
      "place": 49,
      "rating": 5,
      "text": "Dream table people wife Republican action want indicate.",
      "created_at": "2025-07-11T18:37:27.721987"
    }
  },
  {
    "model": "reviews.review",
    "pk": 33,
    "fields": {
      "user": 19,
      "place": 20,
      "rating": 4,
      "text": "Participant eye smile box couple.",
      "created_at": "2025-07-11T18:37:27.721999"
    }
  },
  {
    "model": "reviews.review",
    "pk": 34,
    "fields": {
      "user": 3,
      "place": 12,
      "rating": 5,
      "text": "Need smile determine raise maintain partner.",
      "created_at": "2025-07-11T18:37:27.722011"
    }
  },
  {
    "model": "reviews.review",
    "pk": 35,
    "fields": {
      "user": 7,
      "place": 15,
      "rating": 1,
      "text": "Statement property west not notice large order.",
      "created_at": "2025-07-11T18:37:27.722023"
    }
  },
  {
    "model": "reviews.review",
    "pk": 36,
    "fields": {
      "user": 11,
      "place": 6,
      "rating": 3,
      "text": "Bill soon rich price wish model election pick.",
      "created_at": "2025-07-11T18:37:27.722034"
    }
  },
  {
    "model": "reviews.review",
    "pk": 37,
    "fields": {
      "user": 15,
      "place": 9,
      "rating": 5,
      "text": "Should similar cut plan.",
      "created_at": "2025-07-11T18:37:27.722046"
    }
  },
  {
    "model": "reviews.review",
    "pk": 38,
    "fields": {
      "user": 6,
      "place": 22,
      "rating": 4,
      "text": "System anything evening television radio ago they summer.",
      "created_at": "2025-07-11T18:37:27.722058"
    }
  },
  {
    "model": "reviews.review",
    "pk": 39,
    "fields": {
      "user": 20,
      "place": 4,
      "rating": 5,
      "text": "Travel spring value quickly news industry.",
      "created_at": "2025-07-11T18:37:27.722070"
    }
  },
  {
    "model": "reviews.review",
    "pk": 40,
    "fields": {
      "user": 19,
      "place": 38,
      "rating": 4,
      "text": "Tv available direction recent moment nation long.",
      "created_at": "2025-07-11T18:37:27.722087"
    }
  },
  {
    "model": "reviews.review",
    "pk": 41,
    "fields": {
      "user": 11,
      "place": 25,
      "rating": 2,
      "text": "News dream despite protect strong.",
      "created_at": "2025-07-11T18:37:27.722105"
    }
  },
  {
    "model": "reviews.review",
    "pk": 42,
    "fields": {
      "user": 9,
      "place": 6,
      "rating": 2,
      "text": "Reduce determine attorney.",
      "created_at": "2025-07-11T18:37:27.722126"
    }
  },
  {
    "model": "reviews.review",
    "pk": 43,
    "fields": {
      "user": 18,
      "place": 10,
      "rating": 2,
      "text": "His how benefit they thing radio.",
      "created_at": "2025-07-11T18:37:27.722138"
    }
  },
  {
    "model": "reviews.review",
    "pk": 44,
    "fields": {
      "user": 5,
      "place": 20,
      "rating": 2,
      "text": "Activity national skin will.",
      "created_at": "2025-07-11T18:37:27.722149"
    }
  },
  {
    "model": "reviews.review",
    "pk": 45,
    "fields": {
      "user": 15,
      "place": 45,
      "rating": 3,
      "text": "Generation pressure maintain responsibility.",
      "created_at": "2025-07-11T18:37:27.722160"
    }
  },
  {
    "model": "reviews.review",
    "pk": 46,
    "fields": {
      "user": 5,
      "place": 9,
      "rating": 3,
      "text": "Car top rather note agent.",
      "created_at": "2025-07-11T18:37:27.722172"
    }
  },
  {
    "model": "reviews.review",
    "pk": 47,
    "fields": {
      "user": 6,
      "place": 48,
      "rating": 5,
      "text": "Most decade study fear upon.",
      "created_at": "2025-07-11T18:37:27.722183"
    }
  },
  {
    "model": "reviews.review",
    "pk": 48,
    "fields": {
      "user": 5,
      "place": 2,
      "rating": 3,
      "text": "Price tend thing bed likely their.",
      "created_at": "2025-07-11T18:37:27.722194"
    }
  },
  {
    "model": "reviews.review",
    "pk": 49,
    "fields": {
      "user": 5,
      "place": 2,
      "rating": 4,
      "text": "Possible laugh president picture.",
      "created_at": "2025-07-11T18:37:27.722205"
    }
  },
  {
    "model": "reviews.review",
    "pk": 50,
    "fields": {
      "user": 20,
      "place": 27,
      "rating": 4,
      "text": "Study bar hospital ready understand reason.",
      "created_at": "2025-07-11T18:37:27.722217"
    }
  },
  {
    "model": "reviews.review",
    "pk": 51,
    "fields": {
      "user": 19,
      "place": 26,
      "rating": 4,
      "text": "Group discussion through entire even fight.",
      "created_at": "2025-07-11T18:37:27.722228"
    }
  },
  {
    "model": "reviews.review",
    "pk": 52,
    "fields": {
      "user": 6,
      "place": 30,
      "rating": 2,
      "text": "Agency end whom with require generation.",
      "created_at": "2025-07-11T18:37:27.722240"
    }
  },
  {
    "model": "reviews.review",
    "pk": 53,
    "fields": {
      "user": 6,
      "place": 33,
      "rating": 2,
      "text": "Child and area personal which last.",
      "created_at": "2025-07-11T18:37:27.722252"
    }
  },
  {
    "model": "reviews.review",
    "pk": 54,
    "fields": {
      "user": 10,
      "place": 50,
      "rating": 5,
      "text": "Senior new maybe get couple grow.",
      "created_at": "2025-07-11T18:37:27.722265"
    }
  },
  {
    "model": "reviews.review",
    "pk": 55,
    "fields": {
      "user": 12,
      "place": 6,
      "rating": 4,
      "text": "Less happen dream side.",
      "created_at": "2025-07-11T18:37:27.722287"
    }
  },
  {
    "model": "reviews.review",
    "pk": 56,
    "fields": {
      "user": 8,
      "place": 41,
      "rating": 4,
      "text": "Discussion very administration picture.",
      "created_at": "2025-07-11T18:37:27.722304"
    }
  },
  {
    "model": "reviews.review",
    "pk": 57,
    "fields": {
      "user": 11,
      "place": 34,
      "rating": 3,
      "text": "Daughter actually daughter subject world huge under.",
      "created_at": "2025-07-11T18:37:27.722315"
    }
  },
  {
    "model": "reviews.review",
    "pk": 58,
    "fields": {
      "user": 4,
      "place": 49,
      "rating": 2,
      "text": "Plan notice customer shoulder.",
      "created_at": "2025-07-11T18:37:27.722327"
    }
  },
  {
    "model": "reviews.review",
    "pk": 59,
    "fields": {
      "user": 9,
      "place": 23,
      "rating": 3,
      "text": "Property college level fight development to never.",
      "created_at": "2025-07-11T18:37:27.722338"
    }
  },
  {
    "model": "reviews.review",
    "pk": 60,
    "fields": {
      "user": 18,
      "place": 32,
      "rating": 4,
      "text": "Detail after approach be your.",
      "created_at": "2025-07-11T18:37:27.722350"
    }
  },
  {
    "model": "reviews.review",
    "pk": 61,
    "fields": {
      "user": 17,
      "place": 50,
      "rating": 1,
      "text": "Lot wrong miss street officer someone government.",
      "created_at": "2025-07-11T18:37:27.722363"
    }
  },
  {
    "model": "reviews.review",
    "pk": 62,
    "fields": {
      "user": 11,
      "place": 8,
      "rating": 2,
      "text": "Quite understand fund education.",
      "created_at": "2025-07-11T18:37:27.722374"
    }
  },
  {
    "model": "reviews.review",
    "pk": 63,
    "fields": {
      "user": 14,
      "place": 16,
      "rating": 1,
      "text": "Time hundred yet character eye military.",
      "created_at": "2025-07-11T18:37:27.722386"
    }
  },
  {
    "model": "reviews.review",
    "pk": 64,
    "fields": {
      "user": 13,
      "place": 36,
      "rating": 5,
      "text": "From fire miss build again most lose the.",
      "created_at": "2025-07-11T18:37:27.722397"
    }
  },
  {
    "model": "reviews.review",
    "pk": 65,
    "fields": {
      "user": 11,
      "place": 39,
      "rating": 4,
      "text": "Nation area note garden after.",
      "created_at": "2025-07-11T18:37:27.722408"
    }
  },
  {
    "model": "reviews.review",
    "pk": 66,
    "fields": {
      "user": 20,
      "place": 27,
      "rating": 3,
      "text": "Enjoy company moment maybe give bed realize study.",
      "created_at": "2025-07-11T18:37:27.722420"
    }
  },
  {
    "model": "reviews.review",
    "pk": 67,
    "fields": {
      "user": 12,
      "place": 23,
      "rating": 5,
      "text": "Responsibility century walk very yeah exactly around.",
      "created_at": "2025-07-11T18:37:27.722432"
    }
  },
  {
    "model": "reviews.review",
    "pk": 68,
    "fields": {
      "user": 14,
      "place": 9,
      "rating": 4,
      "text": "Production involve decision yet.",
      "created_at": "2025-07-11T18:37:27.722443"
    }
  },
  {
    "model": "reviews.review",
    "pk": 69,
    "fields": {
      "user": 16,
      "place": 47,
      "rating": 1,
      "text": "Character station many student movie director.",
      "created_at": "2025-07-11T18:37:27.722457"
    }
  },
  {
    "model": "reviews.review",
    "pk": 70,
    "fields": {
      "user": 4,
      "place": 35,
      "rating": 1,
      "text": "Amount also finally bit American piece decision measure.",
      "created_at": "2025-07-11T18:37:27.722476"
    }
  },
  {
    "model": "reviews.review",
    "pk": 71,
    "fields": {
      "user": 14,
      "place": 28,
      "rating": 2,
      "text": "Somebody become others heavy something once follow.",
      "created_at": "2025-07-11T18:37:27.722496"
    }
  },
  {
    "model": "reviews.review",
    "pk": 72,
    "fields": {
      "user": 12,
      "place": 48,
      "rating": 2,
      "text": "Rather feeling air.",
      "created_at": "2025-07-11T18:37:27.722526"
    }
  },
  {
    "model": "reviews.review",
    "pk": 73,
    "fields": {
      "user": 7,
      "place": 22,
      "rating": 2,
      "text": "Pressure floor least.",
      "created_at": "2025-07-11T18:37:27.722537"
    }
  },
  {
    "model": "reviews.review",
    "pk": 74,
    "fields": {
      "user": 4,
      "place": 19,
      "rating": 3,
      "text": "Indeed staff police.",
      "created_at": "2025-07-11T18:37:27.722549"
    }
  },
  {
    "model": "reviews.review",
    "pk": 75,
    "fields": {
      "user": 8,
      "place": 30,
      "rating": 3,
      "text": "Democratic personal woman how area lot.",
      "created_at": "2025-07-11T18:37:27.722560"
    }
  },
  {
    "model": "reviews.review",
    "pk": 76,
    "fields": {
      "user": 10,
      "place": 37,
      "rating": 4,
      "text": "Fire third science bad drug floor.",
      "created_at": "2025-07-11T18:37:27.722571"
    }
  },
  {
    "model": "reviews.review",
    "pk": 77,
    "fields": {
      "user": 8,
      "place": 45,
      "rating": 2,
      "text": "By sign offer beautiful fish best.",
      "created_at": "2025-07-11T18:37:27.722582"
    }
  },
  {
    "model": "reviews.review",
    "pk": 78,
    "fields": {
      "user": 18,
      "place": 5,
      "rating": 5,
      "text": "Push value sea say such minute goal.",
      "created_at": "2025-07-11T18:37:27.722594"
    }
  },
  {
    "model": "reviews.review",
    "pk": 79,
    "fields": {
      "user": 3,
      "place": 14,
      "rating": 4,
      "text": "They hit some fast color statement one.",
      "created_at": "2025-07-11T18:37:27.722605"
    }
  },
  {
    "model": "reviews.review",
    "pk": 80,
    "fields": {
      "user": 9,
      "place": 25,
      "rating": 4,
      "text": "Involve simply minute yet factor husband score.",
      "created_at": "2025-07-11T18:37:27.722617"
    }
  },
  {
    "model": "reviews.review",
    "pk": 81,
    "fields": {
      "user": 20,
      "place": 39,
      "rating": 5,
      "text": "Line stuff policy visit stage while.",
      "created_at": "2025-07-11T18:37:27.722628"
    }
  },
  {
    "model": "reviews.review",
    "pk": 82,
    "fields": {
      "user": 11,
      "place": 30,
      "rating": 1,
      "text": "Training today couple manager wish case.",
      "created_at": "2025-07-11T18:37:27.722639"
    }
  },
  {
    "model": "reviews.review",
    "pk": 83,
    "fields": {
      "user": 19,
      "place": 16,
      "rating": 3,
      "text": "Civil point look different head.",
      "created_at": "2025-07-11T18:37:27.722651"
    }
  },
  {
    "model": "reviews.review",
    "pk": 84,
    "fields": {
      "user": 20,
      "place": 3,
      "rating": 1,
      "text": "After write reason seem his head according avoid.",
      "created_at": "2025-07-11T18:37:27.722662"
    }
  },
  {
    "model": "reviews.review",
    "pk": 85,
    "fields": {
      "user": 6,
      "place": 30,
      "rating": 3,
      "text": "Or note style value fine financial.",
      "created_at": "2025-07-11T18:37:27.722674"
    }
  },
  {
    "model": "reviews.review",
    "pk": 86,
    "fields": {
      "user": 19,
      "place": 6,
      "rating": 1,
      "text": "Discussion great point girl across care.",
      "created_at": "2025-07-11T18:37:27.722691"
    }
  },
  {
    "model": "reviews.review",
    "pk": 87,
    "fields": {
      "user": 15,
      "place": 27,
      "rating": 5,
      "text": "Public measure industry recently then per group treatment.",
      "created_at": "2025-07-11T18:37:27.722710"
    }
  },
  {
    "model": "reviews.review",
    "pk": 88,
    "fields": {
      "user": 2,
      "place": 49,
      "rating": 2,
      "text": "Help this top able task produce toward front.",
      "created_at": "2025-07-11T18:37:27.722722"
    }
  },
  {
    "model": "reviews.review",
    "pk": 89,
    "fields": {
      "user": 1,
      "place": 6,
      "rating": 3,
      "text": "Those join cut allow.",
      "created_at": "2025-07-11T18:37:27.722733"
    }
  },
  {
    "model": "reviews.review",
    "pk": 90,
    "fields": {
      "user": 9,
      "place": 49,
      "rating": 5,
      "text": "Western rate among fund case.",
      "created_at": "2025-07-11T18:37:27.722744"
    }
  },
  {
    "model": "reviews.review",
    "pk": 91,
    "fields": {
      "user": 14,
      "place": 41,
      "rating": 3,
      "text": "Sign walk oil skin remain certainly add.",
      "created_at": "2025-07-11T18:37:27.722755"
    }
  },
  {
    "model": "reviews.review",
    "pk": 92,
    "fields": {
      "user": 1,
      "place": 10,
      "rating": 3,
      "text": "Benefit store member article significant common.",
      "created_at": "2025-07-11T18:37:27.722766"
    }
  },
  {
    "model": "reviews.review",
    "pk": 93,
    "fields": {
      "user": 12,
      "place": 33,
      "rating": 5,
      "text": "Seek democratic figure success own open.",
      "created_at": "2025-07-11T18:37:27.722779"
    }
  },
  {
    "model": "reviews.review",
    "pk": 94,
    "fields": {
      "user": 14,
      "place": 46,
      "rating": 4,
      "text": "East produce sea argue.",
      "created_at": "2025-07-11T18:37:27.722795"
    }
  },
  {
    "model": "reviews.review",
    "pk": 95,
    "fields": {
      "user": 17,
      "place": 17,
      "rating": 4,
      "text": "Style sound attack career boy.",
      "created_at": "2025-07-11T18:37:27.722810"
    }
  },
  {
    "model": "reviews.review",
    "pk": 96,
    "fields": {
      "user": 6,
      "place": 31,
      "rating": 2,
      "text": "Agency set lay cut religious much.",
      "created_at": "2025-07-11T18:37:27.722823"
    }
  },
  {
    "model": "reviews.review",
    "pk": 97,
    "fields": {
      "user": 10,
      "place": 17,
      "rating": 1,
      "text": "Office stay cold research behavior site.",
      "created_at": "2025-07-11T18:37:27.722842"
    }
  },
  {
    "model": "reviews.review",
    "pk": 98,
    "fields": {
      "user": 11,
      "place": 47,
      "rating": 5,
      "text": "Various direction training every simply all.",
      "created_at": "2025-07-11T18:37:27.722867"
    }
  },
  {
    "model": "reviews.review",
    "pk": 99,
    "fields": {
      "user": 11,
      "place": 40,
      "rating": 2,
      "text": "Until different hair put.",
      "created_at": "2025-07-11T18:37:27.722878"
    }
  },
  {
    "model": "reviews.review",
    "pk": 100,
    "fields": {
      "user": 10,
      "place": 4,
      "rating": 3,
      "text": "Add though fund also.",
      "created_at": "2025-07-11T18:37:27.722889"
    }
  },
  {
    "model": "favorites.favorite",
    "pk": 1,
    "fields": {
      "user": 8,
      "place": 3,
      "created_at": "2025-07-11T18:37:27.723065"
    }
  },
  {
    "model": "favorites.favorite",
    "pk": 2,
    "fields": {
      "user": 10,
      "place": 3,
      "created_at": "2025-07-11T18:37:27.723087"
    }
  },
  {
    "model": "favorites.favorite",
    "pk": 3,
    "fields": {
      "user": 3,
      "place": 16,
      "created_at": "2025-07-11T18:37:27.723094"
    }
  },
  {
    "model": "favorites.favorite",
    "pk": 4,
    "fields": {
      "user": 18,
      "place": 45,
      "created_at": "2025-07-11T18:37:27.723106"
    }
  },
  {
    "model": "favorites.favorite",
    "pk": 5,
    "fields": {
      "user": 13,
      "place": 14,
      "created_at": "2025-07-11T18:37:27.723112"
    }
  },
  {
    "model": "favorites.favorite",
    "pk": 6,
    "fields": {
      "user": 19,
      "place": 6,
      "created_at": "2025-07-11T18:37:27.723119"
    }
  },
  {
    "model": "favorites.favorite",
    "pk": 7,
    "fields": {
      "user": 11,
      "place": 26,
      "created_at": "2025-07-11T18:37:27.723124"
    }
  },
  {
    "model": "favorites.favorite",
    "pk": 8,
    "fields": {
      "user": 10,
      "place": 23,
      "created_at": "2025-07-11T18:37:27.723129"
    }
  },
  {
    "model": "favorites.favorite",
    "pk": 9,
    "fields": {
      "user": 12,
      "place": 11,
      "created_at": "2025-07-11T18:37:27.723134"
    }
  },
  {
    "model": "favorites.favorite",
    "pk": 10,
    "fields": {
      "user": 11,
      "place": 19,
      "created_at": "2025-07-11T18:37:27.723140"
    }
  },
  {
    "model": "favorites.favorite",
    "pk": 11,
    "fields": {
      "user": 1,
      "place": 35,
      "created_at": "2025-07-11T18:37:27.723145"
    }
  },
  {
    "model": "favorites.favorite",
    "pk": 12,
    "fields": {
      "user": 15,
      "place": 42,
      "created_at": "2025-07-11T18:37:27.723151"
    }
  },
  {
    "model": "favorites.favorite",
    "pk": 13,
    "fields": {
      "user": 16,
      "place": 30,
      "created_at": "2025-07-11T18:37:27.723156"
    }
  },
  {
    "model": "favorites.favorite",
    "pk": 14,
    "fields": {
      "user": 14,
      "place": 31,
      "created_at": "2025-07-11T18:37:27.723163"
    }
  },
  {
    "model": "favorites.favorite",
    "pk": 15,
    "fields": {
      "user": 18,
      "place": 2,
      "created_at": "2025-07-11T18:37:27.723175"
    }
  },
  {
    "model": "favorites.favorite",
    "pk": 16,
    "fields": {
      "user": 15,
      "place": 40,
      "created_at": "2025-07-11T18:37:27.723181"
    }
  },
  {
    "model": "favorites.favorite",
    "pk": 17,
    "fields": {
      "user": 1,
      "place": 46,
      "created_at": "2025-07-11T18:37:27.723187"
    }
  },
  {
    "model": "favorites.favorite",
    "pk": 18,
    "fields": {
      "user": 13,
      "place": 30,
      "created_at": "2025-07-11T18:37:27.723193"
    }
  },
  {
    "model": "favorites.favorite",
    "pk": 19,
    "fields": {
      "user": 18,
      "place": 49,
      "created_at": "2025-07-11T18:37:27.723201"
    }
  },
  {
    "model": "favorites.favorite",
    "pk": 20,
    "fields": {
      "user": 3,
      "place": 40,
      "created_at": "2025-07-11T18:37:27.723208"
    }
  },
  {
    "model": "favorites.favorite",
    "pk": 21,
    "fields": {
      "user": 11,
      "place": 12,
      "created_at": "2025-07-11T18:37:27.723215"
    }
  },
  {
    "model": "favorites.favorite",
    "pk": 22,
    "fields": {
      "user": 7,
      "place": 3,
      "created_at": "2025-07-11T18:37:27.723222"
    }
  },
  {
    "model": "favorites.favorite",
    "pk": 23,
    "fields": {
      "user": 10,
      "place": 47,
      "created_at": "2025-07-11T18:37:27.723229"
    }
  },
  {
    "model": "favorites.favorite",
    "pk": 24,
    "fields": {
      "user": 16,
      "place": 18,
      "created_at": "2025-07-11T18:37:27.723235"
    }
  },
  {
    "model": "favorites.favorite",
    "pk": 25,
    "fields": {
      "user": 7,
      "place": 13,
      "created_at": "2025-07-11T18:37:27.723241"
    }
  },
  {
    "model": "favorites.favorite",
    "pk": 26,
    "fields": {
      "user": 20,
      "place": 39,
      "created_at": "2025-07-11T18:37:27.723249"
    }
  },
  {
    "model": "favorites.favorite",
    "pk": 27,
    "fields": {
      "user": 19,
      "place": 15,
      "created_at": "2025-07-11T18:37:27.723255"
    }
  },
  {
    "model": "favorites.favorite",
    "pk": 28,
    "fields": {
      "user": 19,
      "place": 21,
      "created_at": "2025-07-11T18:37:27.723262"
    }
  },
  {
    "model": "favorites.favorite",
    "pk": 29,
    "fields": {
      "user": 17,
      "place": 30,
      "created_at": "2025-07-11T18:37:27.723268"
    }
  },
  {
    "model": "favorites.favorite",
    "pk": 30,
    "fields": {
      "user": 20,
      "place": 13,
      "created_at": "2025-07-11T18:37:27.723272"
    }
  },
  {
    "model": "favorites.favorite",
    "pk": 31,
    "fields": {
      "user": 3,
      "place": 27,
      "created_at": "2025-07-11T18:37:27.723280"
    }
  },
  {
    "model": "favorites.favorite",
    "pk": 32,
    "fields": {
      "user": 20,
      "place": 8,
      "created_at": "2025-07-11T18:37:27.723283"
    }
  },
  {
    "model": "favorites.favorite",
    "pk": 33,
    "fields": {
      "user": 6,
      "place": 48,
      "created_at": "2025-07-11T18:37:27.723287"
    }
  },
  {
    "model": "favorites.favorite",
    "pk": 34,
    "fields": {
      "user": 10,
      "place": 25,
      "created_at": "2025-07-11T18:37:27.723291"
    }
  },
  {
    "model": "favorites.favorite",
    "pk": 35,
    "fields": {
      "user": 12,
      "place": 14,
      "created_at": "2025-07-11T18:37:27.723295"
    }
  },
  {
    "model": "favorites.favorite",
    "pk": 36,
    "fields": {
      "user": 18,
      "place": 15,
      "created_at": "2025-07-11T18:37:27.723298"
    }
  },
  {
    "model": "favorites.favorite",
    "pk": 37,
    "fields": {
      "user": 2,
      "place": 40,
      "created_at": "2025-07-11T18:37:27.723302"
    }
  },
  {
    "model": "favorites.favorite",
    "pk": 38,
    "fields": {
      "user": 9,
      "place": 12,
      "created_at": "2025-07-11T18:37:27.723308"
    }
  },
  {
    "model": "favorites.favorite",
    "pk": 39,
    "fields": {
      "user": 10,
      "place": 27,
      "created_at": "2025-07-11T18:37:27.723314"
    }
  },
  {
    "model": "favorites.favorite",
    "pk": 40,
    "fields": {
      "user": 2,
      "place": 32,
      "created_at": "2025-07-11T18:37:27.723320"
    }
  },
  {
    "model": "favorites.favorite",
    "pk": 41,
    "fields": {
      "user": 19,
      "place": 1,
      "created_at": "2025-07-11T18:37:27.723327"
    }
  },
  {
    "model": "favorites.favorite",
    "pk": 42,
    "fields": {
      "user": 11,
      "place": 21,
      "created_at": "2025-07-11T18:37:27.723334"
    }
  },
  {
    "model": "favorites.favorite",
    "pk": 43,
    "fields": {
      "user": 11,
      "place": 14,
      "created_at": "2025-07-11T18:37:27.723338"
    }
  },
  {
    "model": "favorites.favorite",
    "pk": 44,
    "fields": {
      "user": 3,
      "place": 1,
      "created_at": "2025-07-11T18:37:27.723341"
    }
  },
  {
    "model": "favorites.favorite",
    "pk": 45,
    "fields": {
      "user": 3,
      "place": 9,
      "created_at": "2025-07-11T18:37:27.723347"
    }
  },
  {
    "model": "favorites.favorite",
    "pk": 46,
    "fields": {
      "user": 11,
      "place": 7,
      "created_at": "2025-07-11T18:37:27.723353"
    }
  },
  {
    "model": "favorites.favorite",
    "pk": 47,
    "fields": {
      "user": 9,
      "place": 30,
      "created_at": "2025-07-11T18:37:27.723359"
    }
  },
  {
    "model": "favorites.favorite",
    "pk": 48,
    "fields": {
      "user": 10,
      "place": 19,
      "created_at": "2025-07-11T18:37:27.723365"
    }
  },
  {
    "model": "favorites.favorite",
    "pk": 49,
    "fields": {
      "user": 3,
      "place": 5,
      "created_at": "2025-07-11T18:37:27.723370"
    }
  },
  {
    "model": "favorites.favorite",
    "pk": 50,
    "fields": {
      "user": 9,
      "place": 17,
      "created_at": "2025-07-11T18:37:27.723375"
    }
  },
  {
    "model": "favorites.favorite",
    "pk": 51,
    "fields": {
      "user": 14,
      "place": 39,
      "created_at": "2025-07-11T18:37:27.723379"
    }
  },
  {
    "model": "favorites.favorite",
    "pk": 52,
    "fields": {
      "user": 3,
      "place": 29,
      "created_at": "2025-07-11T18:37:27.723549"
    }
  },
  {
    "model": "favorites.favorite",
    "pk": 53,
    "fields": {
      "user": 16,
      "place": 16,
      "created_at": "2025-07-11T18:37:27.723556"
    }
  },
  {
    "model": "favorites.favorite",
    "pk": 54,
    "fields": {
      "user": 8,
      "place": 41,
      "created_at": "2025-07-11T18:37:27.723566"
    }
  },
  {
    "model": "favorites.favorite",
    "pk": 55,
    "fields": {
      "user": 20,
      "place": 21,
      "created_at": "2025-07-11T18:37:27.723570"
    }
  },
  {
    "model": "favorites.favorite",
    "pk": 56,
    "fields": {
      "user": 14,
      "place": 3,
      "created_at": "2025-07-11T18:37:27.723573"
    }
  },
  {
    "model": "favorites.favorite",
    "pk": 57,
    "fields": {
      "user": 3,
      "place": 39,
      "created_at": "2025-07-11T18:37:27.723577"
    }
  },
  {
    "model": "favorites.favorite",
    "pk": 58,
    "fields": {
      "user": 7,
      "place": 29,
      "created_at": "2025-07-11T18:37:27.723580"
    }
  },
  {
    "model": "favorites.favorite",
    "pk": 59,
    "fields": {
      "user": 11,
      "place": 32,
      "created_at": "2025-07-11T18:37:27.723584"
    }
  },
  {
    "model": "favorites.favorite",
    "pk": 60,
    "fields": {
      "user": 17,
      "place": 6,
      "created_at": "2025-07-11T18:37:27.723588"
    }
  },
  {
    "model": "favorites.favorite",
    "pk": 61,
    "fields": {
      "user": 12,
      "place": 40,
      "created_at": "2025-07-11T18:37:27.723601"
    }
  },
  {
    "model": "favorites.favorite",
    "pk": 62,
    "fields": {
      "user": 18,
      "place": 28,
      "created_at": "2025-07-11T18:37:27.723605"
    }
  },
  {
    "model": "favorites.favorite",
    "pk": 63,
    "fields": {
      "user": 2,
      "place": 9,
      "created_at": "2025-07-11T18:37:27.723609"
    }
  },
  {
    "model": "favorites.favorite",
    "pk": 64,
    "fields": {
      "user": 12,
      "place": 28,
      "created_at": "2025-07-11T18:37:27.723612"
    }
  },
  {
    "model": "favorites.favorite",
    "pk": 65,
    "fields": {
      "user": 3,
      "place": 24,
      "created_at": "2025-07-11T18:37:27.723616"
    }
  },
  {
    "model": "favorites.favorite",
    "pk": 66,
    "fields": {
      "user": 4,
      "place": 21,
      "created_at": "2025-07-11T18:37:27.723620"
    }
  },
  {
    "model": "favorites.favorite",
    "pk": 67,
    "fields": {
      "user": 5,
      "place": 23,
      "created_at": "2025-07-11T18:37:27.723623"
    }
  },
  {
    "model": "favorites.favorite",
    "pk": 68,
    "fields": {
      "user": 10,
      "place": 17,
      "created_at": "2025-07-11T18:37:27.723627"
    }
  },
  {
    "model": "favorites.favorite",
    "pk": 69,
    "fields": {
      "user": 10,
      "place": 5,
      "created_at": "2025-07-11T18:37:27.723630"
    }
  },
  {
    "model": "favorites.favorite",
    "pk": 70,
    "fields": {
      "user": 7,
      "place": 14,
      "created_at": "2025-07-11T18:37:27.723634"
    }
  },
  {
    "model": "favorites.favorite",
    "pk": 71,
    "fields": {
      "user": 9,
      "place": 21,
      "created_at": "2025-07-11T18:37:27.723638"
    }
  },
  {
    "model": "favorites.favorite",
    "pk": 72,
    "fields": {
      "user": 1,
      "place": 43,
      "created_at": "2025-07-11T18:37:27.723642"
    }
  },
  {
    "model": "favorites.favorite",
    "pk": 73,
    "fields": {
      "user": 17,
      "place": 10,
      "created_at": "2025-07-11T18:37:27.723645"
    }
  },
  {
    "model": "favorites.favorite",
    "pk": 74,
    "fields": {
      "user": 15,
      "place": 28,
      "created_at": "2025-07-11T18:37:27.723649"
    }
  },
  {
    "model": "favorites.favorite",
    "pk": 75,
    "fields": {
      "user": 3,
      "place": 36,
      "created_at": "2025-07-11T18:37:27.723652"
    }
  },
  {
    "model": "favorites.favorite",
    "pk": 76,
    "fields": {
      "user": 6,
      "place": 38,
      "created_at": "2025-07-11T18:37:27.723656"
    }
  },
  {
    "model": "favorites.favorite",
    "pk": 77,
    "fields": {
      "user": 17,
      "place": 16,
      "created_at": "2025-07-11T18:37:27.723662"
    }
  },
  {
    "model": "favorites.favorite",
    "pk": 78,
    "fields": {
      "user": 9,
      "place": 10,
      "created_at": "2025-07-11T18:37:27.723666"
    }
  },
  {
    "model": "favorites.favorite",
    "pk": 79,
    "fields": {
      "user": 16,
      "place": 43,
      "created_at": "2025-07-11T18:37:27.723670"
    }
  },
  {
    "model": "favorites.favorite",
    "pk": 80,
    "fields": {
      "user": 7,
      "place": 17,
      "created_at": "2025-07-11T18:37:27.723673"
    }
  },
  {
    "model": "favorites.favorite",
    "pk": 81,
    "fields": {
      "user": 17,
      "place": 29,
      "created_at": "2025-07-11T18:37:27.723677"
    }
  },
  {
    "model": "favorites.favorite",
    "pk": 82,
    "fields": {
      "user": 17,
      "place": 8,
      "created_at": "2025-07-11T18:37:27.723680"
    }
  },
  {
    "model": "favorites.favorite",
    "pk": 83,
    "fields": {
      "user": 8,
      "place": 6,
      "created_at": "2025-07-11T18:37:27.723684"
    }
  },
  {
    "model": "favorites.favorite",
    "pk": 84,
    "fields": {
      "user": 10,
      "place": 18,
      "created_at": "2025-07-11T18:37:27.723687"
    }
  },
  {
    "model": "favorites.favorite",
    "pk": 85,
    "fields": {
      "user": 3,
      "place": 21,
      "created_at": "2025-07-11T18:37:27.723691"
    }
  },
  {
    "model": "favorites.favorite",
    "pk": 86,
    "fields": {
      "user": 19,
      "place": 27,
      "created_at": "2025-07-11T18:37:27.723696"
    }
  },
  {
    "model": "favorites.favorite",
    "pk": 87,
    "fields": {
      "user": 16,
      "place": 36,
      "created_at": "2025-07-11T18:37:27.723700"
    }
  },
  {
    "model": "favorites.favorite",
    "pk": 88,
    "fields": {
      "user": 18,
      "place": 7,
      "created_at": "2025-07-11T18:37:27.723705"
    }
  },
  {
    "model": "favorites.favorite",
    "pk": 89,
    "fields": {
      "user": 11,
      "place": 38,
      "created_at": "2025-07-11T18:37:27.723708"
    }
  },
  {
    "model": "favorites.favorite",
    "pk": 90,
    "fields": {
      "user": 13,
      "place": 38,
      "created_at": "2025-07-11T18:37:27.723712"
    }
  },
  {
    "model": "favorites.favorite",
    "pk": 91,
    "fields": {
      "user": 14,
      "place": 48,
      "created_at": "2025-07-11T18:37:27.723715"
    }
  },
  {
    "model": "favorites.favorite",
    "pk": 92,
    "fields": {
      "user": 1,
      "place": 42,
      "created_at": "2025-07-11T18:37:27.723719"
    }
  },
  {
    "model": "favorites.favorite",
    "pk": 93,
    "fields": {
      "user": 2,
      "place": 7,
      "created_at": "2025-07-11T18:37:27.723723"
    }
  },
  {
    "model": "favorites.favorite",
    "pk": 94,
    "fields": {
      "user": 18,
      "place": 50,
      "created_at": "2025-07-11T18:37:27.723726"
    }
  },
  {
    "model": "favorites.favorite",
    "pk": 95,
    "fields": {
      "user": 6,
      "place": 26,
      "created_at": "2025-07-11T18:37:27.723730"
    }
  },
  {
    "model": "favorites.favorite",
    "pk": 96,
    "fields": {
      "user": 2,
      "place": 3,
      "created_at": "2025-07-11T18:37:27.723733"
    }
  },
  {
    "model": "favorites.favorite",
    "pk": 97,
    "fields": {
      "user": 1,
      "place": 6,
      "created_at": "2025-07-11T18:37:27.723737"
    }
  },
  {
    "model": "favorites.favorite",
    "pk": 98,
    "fields": {
      "user": 2,
      "place": 37,
      "created_at": "2025-07-11T18:37:27.723740"
    }
  },
  {
    "model": "favorites.favorite",
    "pk": 99,
    "fields": {
      "user": 8,
      "place": 35,
      "created_at": "2025-07-11T18:37:27.723744"
    }
  },
  {
    "model": "favorites.favorite",
    "pk": 100,
    "fields": {
      "user": 5,
      "place": 39,
      "created_at": "2025-07-11T18:37:27.723747"
    }
  }
]